id,cdr1_b_aa,cdr2_b_aa,cdr3_b_aa,cdr1_a_aa,cdr2_a_aa,cdr3_a_aa,readings
1,GDSVSSNNAA,TLYRSKWYN,ARVQVRSSDWVILPGYGLDV,,,,37
2,GGTFSAYD,IIPVLGLT,ATGEPFDGSATVTT,,,,37
3,GFRFSDYA,IIGTGDST,AKRISGAQGLYFFDS,,,,38
4,GFTLSNAW,IKSRSDGGAT,ATDLSYNWNMYDY,,,,38
5,GSNFRSYS,ISVGSRYVI,AKSRTSCFGGLCYYYHMDV,,,,38
6,GDSVSSNSAS,AYYMSKWTY,TRWDHNSRKFDS,,,,39
7,GFTFNTYG,IWFDGRRK,TRGTTPTNFDD,,,,39
8,GFTFSGNA,FGYNGRST,VKENNAFNM,,,,39
9,GYSFTSNS,INPSGGRT,ARDLGLEYSQNGAVVYFMDV,,,,39
10,GFTFSNHW,IKTDGSTK,ARGLRDSSAAFDY,,,,40
11,GGSISNGRYY,IYFSGSS,ARERQNIWADAFDL,,,,40
12,GFTFRQYG,VAYDSSVR,AKVRLQFYSNSLTGDMDV,,,,41
13,GFTFSSHV,VTHDESGK,AREVGRTYGLDV,,,,41
14,GFTFSTHP,ISYDGSQK,ARSRVSYGSGSYTRRGEDAFHGMDV,,,,41
15,GGSFSSSSHY,INHSGSK,ARGSGIMVRGVFIAGRPAYYFDY,,,,41
16,GVTFSHYW,IKQDGSEK,ARGPPILVVPSAGLGY,,,,42
17,GFTFSNYG,ISHDGSKK,ANDIAAIMLIPATDAQ,,,,44
18,GGTFITYA,IIPVLRLT,ATGEPFDGSNTITN,,,,44
19,RFVFSNYW,IKQDGSEK,VRGPPILVVPSAGLGY,,,,44
20,GGSFRTYD,IIPVLSLT,ATGEPFDGSATVTT,,,,45
21,GFIFSDFY,ISGSSRYT,ARDQSGTTGY,,,,48
22,GFTFSHFY,IDGRSVYT,ARSPGYSEYDHYDY,,,,48
23,GYIFNTYY,INPNGGRT,ARALTPDPLNYFYMEV,,,,49
24,GVSIRTYF,IYSSGST,AREDRNAFDI,,,,50
25,GFIFNDFG,LSGNSRSK,AKASRHCTGASGDCYSDYYMEV,,,,51
26,GFTFSHFY,IDGRSIYT,GRNPGYSDYDYFDQ,,,,51
27,GFTFSSKS,ISVGSPFII,ARSATSCYGGWCYYYHMDV,,,,51
28,GYTFTSKS,VNPSGGRT,ARDLGLEYSQNGAVIYFMDV,,,,51
29,GYTFTSNS,INPSGGRT,ARDLGLEYSQNGAVVYFLDV,,,,51
30,GFIFSTYS,ISSSSSSI,AREGSGSYLDY,,,,52
31,GFTFSSYG,MSDDGSIK,AREVKSGWLLRWSLDL,,,,52
32,GGTFRSYA,IVPILGIT,ASPNDYDSSGYYY,,,,52
33,GGTFRTYD,IIPVLSIT,ATGEPFDGSATVTT,,,,52
34,GYPFTNYG,IGAHGVNT,ARDLGVVVIGTPVLTLDF,,,,52
35,EYTFTAYY,FNPNSGDA,ARDKGVRGFDY,,,,54
36,GDFVSSNNAA,TLYRSKWYS,TRVSIRSYDWIVPPGYGMDV,,,,55
37,GFLFKDHY,IRNKAHNYIT,VRVTSGQYMDV,,,,56
38,GYSFTTYW,IYPGDSDT,ARLGMDLVGAFRWFDP,,,,56
39,GDSFSNSA,IVPMFGKP,AKGAWPKYYTDV,,,,57
40,PYSLITYW,IYPNDYDT,ARATTGISNPYHFDS,,,,57
41,GYTFTTNS,VNPSGGRT,ARDLGLEYSQNGAVVYFMDV,,,,62
42,GGTFTTYD,IIPVLSLT,ATGEPFDGSGTVTT,,,,63
43,GFTFISYS,ISVGSRFII,ARSRTSCYGGSCYYYHMDV,,,,65
44,GFTFSHFY,IDGRSVYT,GRNPGYSDYDYFDQ,,,,66
45,GLNFNYAR,SKSKADGGTT,TTSHRAYGMDV,,,,67
46,GGSFSSYD,IIPVLSLT,ATGEPFDGSATVTT,,,,68
47,GGSFSTYS,INHSGST,ARDGPIFGVIIAWRRFDP,,,,70
48,GFTFSNYG,MSDDGSIN,AKEVKSGWLLRWSFDL,,,,72
49,GLTFSHYW,IKQDGSEK,VRGPPILVVPSAGLGY,,,,73
50,GFTFSSHG,IWHDGNDK,AREIGYGPNSQAFDV,,,,74
51,GSSFRSYS,ISVGSRYVI,AKSRTSCFGGLCYYYHMDV,,,,76
52,GYIFSNFY,INPSSSRT,ARGMERQDYITNYHFYYMDV,,,,76
53,GFSLTTSGVA,IYWDDDK,AHSAYVRNYNHYSFDS,,,,78
54,EFTFSSYA,LSSDGIST,VKAHYDYVWGSYRAAPDL,,,,79
55,GGTFRTYD,IIPVLGLT,ATGEPFDGSGIVTT,,,,79
56,AYTFTDYW,VIPNSGGT,ARGGIHHGFDI,,,,86
57,GVSISLYY,MFYSGST,ARDVGLDR,,,,86
58,GITLSSFG,TSDDGSIE,AKEIKSGWLLRWSLDL,,,,87
59,GYIFTDYY,INPNSGIT,ARINTRENWGSSDY,,,,89
60,GYSFTGYW,IDPGDGNT,ARLYSSSSPFDY,,,,89
61,GDSFSSTSYF,INHSGSK,ARGSGIMVRGVNVAGRPAYYFDY,,,,90
62,GGSISSYC,IFSSGST,ASLPLTPGHNWFDP,,,,91
63,GGTFSSYE,IIPVLGLT,ATGEPFDGSATVTT,,,,93
64,GYTFTSYV,INPGNGNT,ARELLPDFYLRGRWFDP,,,,93
65,GFTFSTYS,ISSSGSSI,AREGSGSYFDY,,,,98
66,GYTFTTYP,INPDNGDT,AKDKEGYIIDY,,,,100
67,GFTLSGYD,IHAGSGS,ARGYLSGNSYC,,,,101
68,GDSMSSSNVA,TLYRSKWYD,TREVIRSSDWLMIPGNGMNV,,,,102
69,GDTFKTYE,IIPVLSLT,ATGDPFDASATVTT,,,,102
70,GFTFSDYG,MSDDGSIE,AREVKSGWLLRWSLDL,,,,102
71,GGTFSTYD,IIPILSIT,ATGEPFDGSATVTT,,,,102
72,GYTFTSYG,TSAYNDKT,AREGLLGI,,,,103
73,GYSFTSYW,IDPSDSYT,ARQVLFNYGTDY,,,,105
74,GYSFTTKA,INPSGGRT,ARDLGLEYSQNGAVVYFMDV,,,,105
75,GFTFSNYW,INGDGSIT,ARDYDY,,,,110
76,GYTFTNYD,ISAGNGDT,TRHMEGFIIDY,,,,113
77,GYTFTSKS,INPSGGRT,ARDLGLEYSQNGAVVYFLDV,,,,119
78,GYTFSSFY,INPSSGIT,ARSAEAGPHSYFYMGV,,,,126
79,GGTFSTYD,IIPILSIT,ATGEPFDGSGTVTT,,,,127
80,GYTFTGYY,IDPNNGDT,GRGDKTFDP,,,,130
81,GYTFTSYG,ISGYTGNT,AREGLLGF,,,,139
82,GGSMKTGDYY,IYYNGAT,ARDARGFDS,,,,158
83,GHSVSSETAA,TLYRSKWYT,TREVIRSSDWVILPGYGMDV,,,,161
84,GSTFNNYV,MSVNGNAR,AAPDCSAGSCHTSYYYALDV,,,,169
85,GFTFSDFY,IDGRSIYT,GRNPGYSDYDYFDQ,,,,170
86,GGTFTTYD,IIPILSIT,ATGEPFDGSATVTT,,,,175
87,EFIFSSHW,IKPDGTDT,ARDNDGFDI,,,,181
88,GDSLSGNNVA,TYYRTKWYN,ARAPVSQWVILRGPFDI,,,,231
89,GLSFSGYD,ISGRGDRT,AKPGTGSGYQ,,,,249
90,GFSFSDYG,VSDDGSIK,AREVKSGWLLRWSPDL,,,,287
91,GGSISSGTYY,IYYSGTT,ARSAGTNLDS,,,,293
92,GFTFSSYG,MSDDGSVT,AKEVKSGWFLRWSLDL,,,,324
93,GYTFTSNS,INPSGGRT,ARDLGLEYSKNGAVIYFMDV,,,,347
94,GFTFSSKS,ISVGSPFII,ARSATSCYGGLCYYYHMDV,,,,350
95,GSSFRSYS,ISVGSRFVI,AKSRTSCFGGLCYYYHMDV,,,,442
96,GYTFTSKS,INPSGGRT,ARDLGLEYSQNGAVVYFMDV,,,,487
97,GGTFTTYE,IIPVLSLT,ATGEPYDGSATVTT,,,,494
98,GYTFTTKS,INPSGGRT,ARDLGLEYSQNGAVVYFMDV,,,,559
99,GYSFTTKS,INPSGGRT,ARDLGLEYSQNGAVVYFMDV,,,,888
100,GYTFTSNS,INPSGGRT,ARDLGLEYSQNGAVVYFMDV,,,,1611
